tagId, tag, score742, original, 7583.605750000009
646, mentor, 5504.350250000009
468, great ending, 5185.66474999997
302, dialogue, 5095.806000000005
452, good soundtrack, 4729.731749999988
188, catastrophe, 4681.798500000001
972, storytelling, 4655.659250000006
971, story, 4433.290499999984
464, great, 4429.749749999996
445, good, 4409.851000000004
867, runaway, 4327.791749999984
169, brutality, 4244.164750000002
277, culture clash, 4056.7545000000005
270, criterion, 4029.97200000003
602, life philosophy, 4011.335499999998
640, melancholic, 3999.7112500000244
801, pornography, 3958.123750000003
299, destiny, 3908.0689999999954
21, adaptation, 3878.450999999998
1008, talky, 3749.947249999985
323, drama, 3748.527750000004
1104, weird, 3748.4567500000244
1091, visually appealing, 3745.625250000012
844, redemption, 3664.9954999999886
777, pg-13, 3642.3562500000003
807, predictable, 3614.9682499999913
212, cinematography, 3600.0734999999954
465, great acting, 3589.5755000000067
195, chase, 3548.838250000001
472, greed, 3529.1455000000115
1070, vengeance, 3512.4987500000025
415, fun movie, 3502.7515000000108
936, social commentary, 3500.016749999974
220, clever, 3455.735000000008
536, imdb top 250, 3445.356250000013
351, enigmatic, 3410.7747500000046
999, suspense, 3389.3332500000047
203, childhood, 3381.6264999999844
22, adapted from:book, 3378.9485000000027
992, suprisingly clever, 3376.815500000015
493, harsh, 3372.9112499999965
378, fantasy world, 3364.595249999999
750, oscar (best directing), 3352.176500000002
1051, twists & turns, 3348.0610000000147
610, loneliness, 3335.062999999999
240, complex, 3333.835249999998
1064, unusual plot structure, 3324.6019999999958
554, interesting, 3319.8697499999957
258, corruption, 3315.3905000000036
982, stylized, 3294.7792500000132
356, entirely dialogue, 3256.3022499999943
553, intense, 3253.424250000013
128, betrayal, 3237.691249999992
1071, very funny, 3231.1882499999997
797, police investigation, 3229.815750000003
374, family, 3229.8015000000064
396, first contact, 3229.476749999994
1040, transformation, 3224.2112500000007
469, great movie, 3215.8872500000025
1073, very interesting, 3203.4364999999984
1084, violence, 3191.1102499999974
601, life & death, 3165.0359999999905
603, light, 3163.417250000002
292, death, 3130.1010000000047
719, not funny, 3125.8314999999966
389, fight scenes, 3118.5919999999996
324, dramatic, 3108.675000000009
933, so bad it's funny, 3052.072500000023
829, quirky, 3022.9912499999896
585, justice, 3003.303000000013
192, cerebral, 3001.364000000003
1092, visually stunning, 2975.362249999997
846, relationships, 2933.29025000001
1062, unlikely friendships, 2921.092999999986
845, reflective, 2916.062750000008
121, beautiful scenery, 2904.402749999998
747, oscar (best actress), 2897.841000000008
691, narrated, 2886.1995000000225
726, nudity (full frontal - brief), 2882.9719999999884
1090, visual, 2877.408249999999
276, cult film, 2872.941250000008
365, excellent script, 2870.428250000011
897, secrets, 2870.201500000005
911, sexy, 2869.6809999999955
609, lone hero, 2864.4667500000055
107, based on a book, 2843.4124999999913
850, revenge, 2810.042499999979
328, drinking, 2807.1667499999962
86, atmospheric, 2806.787249999987
275, cult classic, 2784.930249999992
787, plot, 2780.6742500000087
446, good acting, 2776.8072499999926
1085, violent, 2772.405000000006
474, grindhouse, 2761.183999999998
733, obsession, 2759.6027500000014
19, action, 2755.8072499999985
388, feel-good, 2753.1724999999974
490, happy ending, 2742.647249999991
368, existentialism, 2737.0179999999914
759, oscar (best supporting actress), 2726.60975
1101, weapons, 2724.0845000000018
355, entertaining, 2719.2679999999923
18, absurd, 2700.5875000000015
682, murder, 2690.5424999999964
519, honest, 2685.49175000001
967, stereotypes, 2679.0707500000062
46, allegory, 2675.7990000000163
910, sexualized violence, 2672.1142499999955
424, gangsters, 2658.868000000009
771, passionate, 2653.5372499999994
266, creativity, 2648.7040000000034
113, based on book, 2625.027249999994
625, male nudity, 2616.6092499999986
414, fun, 2606.735000000008
412, friendship, 2603.7202499999953
230, comedy, 2601.7664999999815
366, exceptional acting, 2592.8787499999958
1123, writers, 2590.1412500000024
557, intimate, 2588.836749999997
216, classic car, 2570.781249999996
447, good action, 2564.329749999991
710, nocturnal, 2550.2847499999943
1072, very good, 2548.695999999996
1057, unfunny, 2544.9032500000017
864, romantic, 2525.575000000005
481, gunfight, 2525.5482499999944
288, dark hero, 2518.8005000000044
951, special effects, 2499.12975
863, romance, 2499.120750000007
731, nudity (topless - notable), 2498.736500000004
614, love story, 2498.3569999999936
1114, witty, 2497.156249999995
743, original plot, 2496.82300000001
443, golden palm, 2489.5069999999973
100, bad plot, 2485.0612500000047
727, nudity (full frontal - notable), 2473.0524999999984
269, crime gone awry, 2468.352250000015
745, oscar, 2464.5097499999974
272, crude humor, 2459.441750000004
335, dysfunctional family, 2457.9032500000008
792, pointless, 2450.2494999999994
886, sci fi, 2449.9579999999987
995, surreal, 2439.394999999999
870, sacrifice, 2434.970749999996
920, silly fun, 2410.637749999988
823, psychological, 2402.91250000001
387, feel good movie, 2400.535749999997
694, natural disaster, 2389.697250000004
122, beautifully filmed, 2389.501250000009
30, affectionate, 2384.8932500000064
761, oscar winner, 2382.7287499999957
99, bad ending, 2379.6614999999993
1054, underrated, 2371.893750000011
455, goofy, 2367.649499999998
675, movielens top pick, 2360.4700000000053
679, multiple storylines, 2357.900250000002
1020, tense, 2330.2385000000045
531, idealism, 2306.373499999996
641, melancholy, 2306.1470000000063
138, bittersweet, 2300.501999999999
29, adventure, 2299.8969999999995
919, silly, 2299.5992499999966
763, overrated, 2295.839250000001
364, excellent, 2284.4159999999974
668, moral ambiguity, 2274.516000000002
1089, visceral, 2263.5589999999966
162, breathtaking, 2259.368249999982
255, cool, 2256.6944999999932
75, art, 2254.3684999999955
913, shallow, 2248.35524999999
1108, whimsical, 2244.691000000009
325, dreamlike, 2244.2852500000126
348, emotional, 2243.343249999998
297, depression, 2238.8589999999995
937, solitude, 2229.839999999991
129, better than expected, 2226.8165000000004
529, humorous, 2224.0984999999937
319, downbeat, 2216.055500000006
132, big budget, 2215.252750000007
1014, teen movie, 2213.9877499999893
338, earnest, 2208.171749999992
1116, women, 2205.9427500000097
401, forceful, 2198.438750000005
143, bleak, 2190.7995000000046
478, guilt, 2186.7072499999967
1024, thought-provoking, 2176.957000000001
634, masterpiece, 2170.3920000000007
830, quotable, 2151.0549999999967
154, books, 2126.662000000007
981, stylish, 2123.2447499999935
94, awesome soundtrack, 2119.5062500000004
194, character study, 2116.2804999999908
926, slapstick, 2111.441999999999
878, satirical, 2100.999500000005
20, action packed, 2100.4904999999994
49, alter ego, 2097.6295000000005
1012, technology, 2081.7372499999883
382, fast paced, 2079.3557499999956
504, highly quotable, 2079.111499999994
406, franchise, 2070.393500000001
717, nostalgic, 2069.200499999988
1000, suspenseful, 2067.497499999997
312, disturbing, 2065.208500000003
1035, touching, 2062.658750000001
806, powerful ending, 2059.782999999994
956, splatter, 2053.5442500000063
1037, tragedy, 2047.4260000000056
548, inspirational, 2046.9577500000028
215, classic, 2029.0097500000008
524, hospital, 2023.8130000000065
809, prejudice, 2023.3679999999956
417, funny, 2021.985500000003
613, love, 2017.760000000002
882, scary, 2006.5889999999927
828, queer, 2006.4957499999994
376, family drama, 1995.9847500000012
311, distopia, 1991.4242500000023
164, british, 1987.2279999999998
931, small town, 1974.989749999997
627, manipulation, 1973.7862500000035
547, insanity, 1959.991
377, fantasy, 1956.850249999998
889, science fiction, 1956.6197499999919
824, psychology, 1955.3787500000033
1050, twist ending, 1952.7887499999986
767, paranoid, 1947.6139999999966
645, mental illness, 1939.3394999999987
1025, thriller, 1936.223750000003
244, computer animation, 1935.7322499999966
175, california, 1929.4232499999953
475, gritty, 1926.995750000001
79, artistic, 1913.3970000000043
448, good dialogue, 1908.225
998, survival, 1901.7922500000045
314, doctors, 1900.3257499999945
619, macabre, 1900.1647500000106
840, realistic, 1884.43925
540, independent film, 1878.4562500000034
473, grim, 1876.3647500000015
1013, teen, 1876.1202500000002
439, girlie movie, 1863.9824999999998
564, irish accent, 1857.4869999999944
82, assassination, 1854.9567499999907
1034, torture, 1852.4659999999974
825, pulp, 1838.353999999996
97, bad acting, 1832.3982499999988
620, mad scientist, 1830.8542500000053
600, life, 1821.6927499999974
362, ethnic conflict, 1820.5307499999985
532, identity, 1817.1137500000054
702, new jersey, 1809.305750000002
235, coming of age, 1804.5290000000068
326, dreams, 1794.8499999999995
458, gory, 1785.9307500000011
550, intellectual, 1774.1030000000032
141, black comedy, 1771.4752500000047
526, hotel, 1769.191250000003
109, based on a play, 1767.18275
285, dark, 1764.9657500000026
854, road movie, 1764.892500000005
791, poignant, 1749.3509999999935
1049, twist, 1737.7575000000015
753, oscar (best foreign language film), 1734.5660000000064
765, parallel universe, 1729.8662499999969
900, sentimental, 1728.2035000000035
774, period piece, 1713.1487500000003
732, nudity (topless), 1712.831000000006
449, good music, 1705.5155000000086
997, surveillance, 1705.142250000004
268, crime, 1705.0807499999964
146, bloody, 1700.3785000000034
565, ironic, 1700.0004999999985
735, off-beat comedy, 1685.3390000000004
260, courage, 1684.5202500000023
1029, tokyo, 1678.1095000000028
977, stunning, 1676.253500000002
360, erotic, 1672.574500000004
176, camp, 1669.059000000003
789, plot twist, 1668.6324999999981
8, 1970s, 1657.9024999999995
289, dark humor, 1649.995500000005
13, 80s, 1647.280750000004
898, segregation, 1644.2092500000017
55, amazing photography, 1642.114999999994
115, based on true story, 1636.5215000000035
426, gay character, 1635.6519999999985
172, bullying, 1622.4857499999948
833, race issues, 1620.1382499999954
402, foreign, 1616.846249999999
505, hilarious, 1608.0282500000008
497, heartwarming, 1602.261000000005
788, plot holes, 1598.8755
883, scenic, 1597.8610000000037
242, complicated, 1596.5622500000025
51, alternate history, 1589.4572500000038
471, great soundtrack, 1586.9879999999978
555, internet, 1585.540999999992
251, conspiracy, 1582.9395000000036
990, superheroes, 1577.2880000000007
669, morality, 1574.5244999999975
551, intelligent, 1564.2667499999968
367, exciting, 1559.1767500000008
877, satire, 1555.653500000002
282, cynical, 1548.540499999998
904, series, 1547.6642500000005
558, investigation, 1546.9365000000057
229, colourful, 1545.134499999994
191, censorship, 1538.7010000000016
1003, sweet, 1534.0987499999978
780, philosophy, 1533.9632500000007
961, spying, 1530.383250000001
528, humor, 1524.6524999999986
1017, teens, 1524.5325000000043
752, oscar (best effects - visual effects), 1521.9132500000017
167, brothers, 1510.7002500000044
730, nudity (topless - brief), 1508.1855000000069
890, scifi, 1506.999500000002
921, simple, 1506.7052500000002
766, paranoia, 1503.7287500000032
391, fighting the system, 1501.328750000006
28, adultery, 1498.9654999999989
782, photography, 1498.123500000002
950, special, 1494.266250000002
204, children, 1494.007500000003
67, anti-hero, 1493.7869999999937
308, disaster, 1484.6040000000019
535, imagination, 1483.0445000000004
286, dark comedy, 1475.7652499999958
422, gangs, 1472.9387499999964
160, brainwashing, 1472.8637500000068
642, memory, 1466.2710000000045
796, police corruption, 1465.6904999999997
341, eccentricity, 1465.5132500000052
639, meditative, 1460.749249999993
168, brutal, 1453.7217500000042
52, alternate reality, 1453.383500000006
294, demons, 1449.9400000000053
533, idiotic, 1449.4930000000024
760, oscar (best writing - screenplay written directly for the screen), 1447.7547500000046
454, good versus evil, 1437.7915000000057
758, oscar (best supporting actor), 1430.231500000003
354, ensemble cast, 1428.5109999999966
5, 1930s, 1427.412499999995
608, london, 1427.1210000000035
26, adolescence, 1426.8432500000006
968, stoner movie, 1424.4027499999972
379, farce, 1418.190500000005
218, claustrophobic, 1417.3254999999958
899, self discovery, 1416.6977500000096
527, humanity, 1416.649749999998
466, great cinematography, 1404.603249999997
768, parenthood, 1394.6549999999986
144, blindness, 1388.9334999999985
749, oscar (best cinematography), 1387.7660000000085
274, cult, 1387.2307500000006
508, historical, 1385.4607499999995
1047, true story, 1383.605250000002
120, beautiful, 1383.3614999999984
683, murder mystery, 1364.1849999999965
568, island, 1363.2799999999959
267, creepy, 1362.2560000000035
1053, underdog, 1359.445500000006
278, cute, 1358.2325000000017
521, horrible, 1354.2337499999994
779, philosophical, 1353.7964999999938
980, stupidity, 1353.6755000000064
512, hitman, 1352.5732499999988
800, politics, 1349.4595000000015
1010, teacher, 1342.3307500000044
885, school, 1340.7647500000048
50, alternate endings, 1340.5497500000101
606, literature, 1334.917750000002
895, script, 1330.9539999999936
313, divorce, 1330.950000000001
98, bad cgi, 1328.995750000001
238, compassionate, 1323.1272499999948
334, dynamic cgi action, 1321.5887500000063
155, boring, 1320.9680000000003
1065, us history, 1315.1627499999963
996, surrealism, 1310.246500000003
140, black and white, 1308.4379999999903
729, nudity (rear), 1307.2022499999996
611, long, 1302.813499999997
567, islam, 1302.2067500000003
25, addiction, 1301.1835000000003
418, funny as hell, 1300.5429999999944
907, sexual, 1299.1610000000048
543, indians, 1296.8935000000042
241, complex characters, 1290.1037500000023
54, amazing cinematography, 1289.7737499999942
1109, wilderness, 1289.1929999999954
865, romantic comedy, 1289.024500000003
984, suburbia, 1285.8192499999986
629, marriage, 1282.6682499999945
1098, wartime, 1282.0119999999963
798, political, 1280.7437499999994
259, costume drama, 1280.3472499999991
62, animals, 1276.8354999999979
350, england, 1276.7237499999999
1045, tricky, 1275.9590000000069
201, chick flick, 1266.363499999999
496, heartbreaking, 1266.2525
813, prison, 1263.7897500000001
715, nonlinear, 1260.675749999994
1032, too long, 1258.3470000000013
587, kidnapping, 1257.3657500000018
177, campy, 1249.689750000004
544, indie, 1249.3897500000016
305, directorial debut, 1247.0885000000071
390, fighting, 1244.672000000001
85, atheism, 1241.996750000003
1118, workplace, 1240.5252500000026
403, foul language, 1240.3209999999942
236, coming-of-age, 1238.7190000000003
1093, visuals, 1232.8749999999982
393, film noir, 1226.0799999999958
851, revolution, 1215.8394999999994
589, kids and family, 1215.833750000004
929, slow, 1215.0927499999998
231, comic, 1214.3905
27, adoption, 1209.6747499999963
690, mythology, 1203.0142500000002
33, afi 100 (movie quotes), 1199.7567499999964
70, apocalypse, 1197.8572500000041
887, sci-fi, 1190.5007499999956
903, serial killer, 1187.5582499999941
183, car chase, 1185.3007500000026
96, bad, 1185.0985000000005
145, blood, 1184.3772500000073
652, mindfuck, 1183.5470000000093
709, no plot, 1180.9657500000033
852, ridiculous, 1179.2239999999967
841, realistic action, 1177.8345000000045
991, supernatural, 1177.2892499999994
876, sarcasm, 1176.4957500000012
265, crazy, 1174.4282500000022
660, modern fantasy, 1173.8095000000023
871, sad, 1173.258500000003
296, depressing, 1170.523999999999
658, mob, 1169.3215000000002
333, dumb but funny, 1168.4472499999995
705, new york city, 1167.6647500000063
872, sad but good, 1164.844749999999
345, effects, 1163.219250000002
522, horror, 1162.8235
594, lame, 1159.9760000000015
739, ominous, 1159.9240000000004
979, stupid as hell, 1159.006000000003
720, notable nudity, 1158.7680000000048
9, 1980s, 1158.6622499999967
770, parody, 1157.409999999999
538, immortality, 1154.9237499999963
1127, zombie, 1154.2460000000033
556, interracial romance, 1149.5892499999993
331, drugs, 1149.0952500000037
463, gratuitous violence, 1145.5745000000024
467, great dialogue, 1144.0997500000017
423, gangster, 1142.9577500000012
344, eerie, 1142.4714999999999
746, oscar (best actor), 1142.435249999995
370, factual, 1141.2644999999973
616, low budget, 1140.701999999998
902, sequels, 1139.2769999999969
442, god, 1138.8395000000003
503, high school, 1130.1915000000001
588, kids, 1128.693249999996
353, enormously long battle scene, 1124.107750000002
137, biting, 1121.6404999999993
420, futuristic, 1119.1817499999954
566, irreverent, 1117.1862499999986
133, biographical, 1113.7189999999996
59, android(s)/cyborg(s), 1113.652750000001
908, sexual abuse, 1112.5562500000021
149, bollywood, 1111.519499999997
832, race, 1108.6099999999974
689, mystery, 1108.567999999996
1066, utopia, 1104.3382500000016
843, rebellion, 1103.389249999995
81, assassin, 1098.224499999996
110, based on a true story, 1096.66450000001
196, cheating, 1096.1877499999973
349, end of the world, 1094.6775000000002
974, strange, 1093.8985000000027
156, boring!, 1090.0765000000013
663, monster, 1083.6179999999995
264, crappy sequel, 1078.715250000001
221, clones, 1075.7530000000042
502, high fantasy, 1074.3212500000006
684, music, 1073.847999999997
1061, unlikeable characters, 1068.1977500000007
510, hit men, 1064.1024999999988
545, infidelity, 1061.2437500000033
76, art house, 1055.9444999999969
623, magic, 1053.5714999999961
666, moody, 1052.0375000000001
78, artist, 1049.5819999999944
170, buddy movie, 1046.7719999999974
978, stupid, 1046.4225
23, adapted from:comic, 1045.479500000002
849, remake, 1044.8585000000023
516, homeless, 1043.6687499999994
597, lawyer, 1040.7712500000016
773, perfect, 1036.5159999999978
287, dark fantasy, 1036.2172499999967
139, bizarre, 1035.2545000000027
874, san francisco, 1034.1504999999945
243, complicated plot, 1032.5530000000028
586, kick-butt women, 1030.4214999999988
893, screwball, 1025.269999999997
95, awful, 1024.5044999999996
643, memory loss, 1016.1115000000036
383, father daughter relationship, 1013.8982500000003
822, psychiatry, 1012.895250000003
425, gay, 1011.4187500000008
986, suicide attempt, 1008.066249999997
1023, texas, 1003.621
279, cute!, 999.4937500000019
36, aging, 998.5500000000008
135, biopic, 998.5409999999974
704, new york, 994.1629999999952
198, cheesy, 991.966500000003
419, future, 990.9562500000011
790, poetry, 988.5487500000002
612, los angeles, 988.4052499999992
451, good sequel, 986.8310000000037
728, nudity (full frontal), 984.5150000000003
394, finnish, 983.6867500000003
814, prison escape, 983.6060000000001
470, great music, 982.9467500000012
153, book was better, 980.0269999999991
918, silent, 979.3205000000047
855, road trip, 977.2319999999974
253, controversial, 975.5020000000018
721, notable soundtrack, 975.0064999999961
298, desert, 972.8732499999977
179, cancer, 969.5957499999948
336, dystopia, 968.8084999999987
621, made for tv, 965.5457499999978
930, slow paced, 959.8124999999994
703, new orleans, 955.5569999999991
459, goth, 954.5745
836, radio, 951.4820000000009
1119, world politics, 950.5942499999996
507, hip hop, 949.1262500000007
381, fashion, 946.9485000000038
6, 1950s, 946.290749999998
725, nudity, 945.9689999999956
1124, writing, 945.3689999999991
1026, time, 937.1012499999972
1110, wine, 935.8852500000025
453, good story, 932.6787500000012
816, product placement, 931.2480000000008
963, stand-up comedy, 930.6647500000034
948, spanish, 929.9267500000008
1046, trilogy, 927.9904999999952
701, nerds, 926.7667499999981
411, french, 925.3550000000009
901, sequel, 921.2077500000053
549, inspiring, 913.372249999997
812, pretentious, 912.3067500000022
118, bdsm, 907.7119999999958
960, spy, 907.5580000000008
756, oscar (best picture), 904.6512499999978
842, reality tv, 903.1484999999976
778, philip k. dick, 902.8872499999987
337, dystopic future, 902.1887499999988
375, family bonds, 902.0867499999979
1011, tear jerker, 898.5130000000013
303, dialogue driven, 897.4387500000026
300, detective, 896.7897499999997
410, freedom, 892.190249999999
4, 1920s, 891.0782499999998
686, musical, 889.8112499999961
581, jews, 887.4982500000011
482, guns, 887.2050000000031
329, drug abuse, 885.9069999999997
1033, too short, 884.578249999998
509, history, 883.4012499999986
126, best of 2005, 883.2707500000029
615, love triangles, 882.7165000000014
530, hunting, 880.7539999999996
905, sex, 877.796999999999
189, cathartic, 877.6727500000003
985, suicide, 876.5224999999948
1083, vigilantism, 875.784000000003
491, hard to watch, 875.5562499999987
1096, war, 874.6702500000063
858, robert downey jr, 871.7347499999992
1063, unrealistic, 870.0117500000003
152, book, 869.2140000000013
987, super hero, 864.9287500000014
932, snakes, 860.5939999999994
888, science, 856.7184999999985
359, epic, 855.3977499999985
462, graphic novel, 855.0235000000024
409, free to download, 854.5057500000016
664, monsters, 853.717249999995
847, religion, 852.7874999999967
64, animation, 852.6990000000029
182, capitalism, 852.1834999999993
1082, vigilante, 850.5665000000021
804, potential oscar nom, 850.4534999999953
332, dumb, 847.4484999999992
582, journalism, 846.1227499999992
909, sexuality, 845.7287499999996
80, artsy, 845.1487499999982
819, prostitution, 844.5480000000011
386, fbi, 843.51
461, graphic design, 842.7677500000024
953, spiders, 840.2717499999983
737, oil, 840.1825000000023
741, organized crime, 839.9232500000015
330, drug addiction, 838.6739999999996
711, noir, 838.3545000000005
58, amy smart, 836.0485000000007
226, cold war, 835.5504999999997
433, german, 828.5217500000012
624, magic realism, 828.3507500000001
315, documentary, 828.0795000000038
714, non-linear, 827.4019999999987
896, secret service, 827.3337499999977
818, propaganda, 827.0692500000035
915, shopping, 822.349250000004
371, fairy tale, 821.8787500000011
437, giant robots, 821.0094999999945
637, maze, 819.5619999999973
101, bad science, 818.982000000001
1113, witches, 814.8264999999951
250, confusing, 813.9549999999966
994, surprise ending, 812.4052499999968
922, single father, 811.2052500000034
134, biography, 810.2365
546, innocence lost, 808.1627500000012
1015, teenager, 805.3335000000011
234, comics, 804.2212500000004
1004, switching places, 799.9537499999973
181, caper, 799.0747500000047
450, good romantic comedies, 798.2432499999995
655, mission from god, 797.4069999999987
173, business, 797.1539999999999
498, heist, 796.5392500000008
93, awesome, 796.2950000000016
185, cars, 795.3067499999975
769, paris, 794.7924999999989
562, ireland, 794.0985000000027
1001, swashbuckler, 793.6872499999963
186, cartoon, 793.1314999999977
1103, weed, 793.0065000000016
87, australia, 788.6774999999974
688, mutants, 788.5594999999989
1074, video game, 787.2177499999982
32, afi 100 (laughs), 784.2980000000016
707, ninja, 782.8964999999997
869, russian, 781.4802500000025
48, alone in the world, 781.3320000000011
584, jungle, 780.0742500000019
427, geek, 779.4077499999979
1105, werewolf, 778.2699999999971
952, spelling bee, 777.8057499999977
53, alternate universe, 775.963750000003
618, lyrical, 774.9705000000049
45, aliens, 773.3472500000012
579, jesus, 773.0937499999987
457, goretastic, 769.5487500000002
712, noir thriller, 768.9839999999975
955, spies, 765.1452499999981
879, saturday night live, 760.292500000001
1111, wistful, 759.435000000001
989, superhero, 759.2579999999984
37, aids, 757.7142500000009
193, cgi, 752.7377500000007
460, gothic, 750.2235
834, racing, 749.3332500000033
83, assassins, 746.482750000001
293, death penalty, 743.7305000000008
799, political corruption, 742.9260000000023
794, poland, 741.9927499999977
1007, talking animals, 741.4665000000005
605, literary adaptation, 737.0682500000007
1068, vampire human love, 736.952250000006
580, jewish, 736.4574999999977
537, immigrants, 735.1880000000015
630, mars, 734.2937500000033
835, racism, 730.6315000000001
262, courtroom, 728.7725000000011
776, pg, 728.3547499999992
125, berlin, 723.7154999999959
598, lawyers, 723.5172499999982
252, conspiracy theory, 721.9392499999981
3, 18th century, 720.4967500000004
958, spoof, 717.196999999999
891, scifi cult, 717.1890000000014
90, author:neil gaiman, 715.7965000000033
440, glbt, 713.8745000000038
477, gruesome, 713.0379999999989
436, ghosts/afterlife, 711.2794999999994
942, space, 710.9267499999994
10, 19th century, 710.794250000004
1055, understated, 708.2740000000005
672, motorcycle, 704.9799999999992
416, funniest movies, 703.1344999999997
1016, teenagers, 698.2817500000031
837, rags to riches, 697.1947500000023
569, isolation, 696.8565000000006
687, musicians, 690.6822499999986
479, guilty pleasure, 689.1404999999995
945, space travel, 688.735750000001
405, france, 684.4567499999993
1122, writer's life, 683.3990000000048
1095, voyeurism, 682.5455000000009
12, 70mm, 682.5427500000023
583, judaism, 680.673000000003
322, dragons, 680.6615000000004
1100, watch the credits, 680.6420000000033
1097, war movie, 678.7700000000025
222, cloning, 676.8732500000021
941, southern theme, 673.9202499999989
73, arms dealer, 672.9492500000014
1086, virginity, 672.3064999999999
661, money, 670.9180000000014
304, dinosaurs, 668.0414999999983
256, corny, 665.4752500000012
793, poker, 664.9522500000023
171, bullshit history, 661.4915000000002
575, japan, 659.2517500000022
257, corporate america, 657.6275000000009
821, psychiatrist, 655.2729999999979
596, latin america, 652.5824999999986
309, disney, 651.6780000000003
43, alien, 649.976749999999
827, puppets, 649.1065000000062
959, sports, 648.6527499999993
1052, undercover cop, 648.5507499999991
165, british comedy, 645.1960000000064
762, over the top, 644.5699999999993
923, sisters, 640.622250000003
61, animal movie, 639.9857499999987
190, catholicism, 639.9437500000001
316, dog, 639.096250000002
751, oscar (best editing), 638.8694999999989
7, 1960s, 637.4727500000022
881, saturn award (best special effects), 636.2462500000026
894, screwball comedy, 634.7805000000062
249, confrontational, 634.0019999999984
102, bad script, 632.8492500000016
380, fascism, 630.7499999999992
361, espionage, 630.4632500000021
875, sappy, 627.5702499999976
969, stop motion, 627.1717500000022
1044, treasure hunt, 626.3817500000017
407, francis ford copolla, 625.8082500000011
802, post apocalyptic, 624.26
700, neo-noir, 623.6362499999955
622, mafia, 621.9665000000002
428, geeks, 621.5810000000012
108, based on a comic, 621.379750000001
224, coen bros, 621.2387500000016
487, hallucinatory, 619.618999999999
803, post-apocalyptic, 617.8170000000039
214, civil war, 615.7870000000008
966, steampunk, 614.824249999997
432, george orwell, 614.04175
435, ghosts, 608.9132500000011
656, mistaken identity, 608.7270000000013
805, poverty, 608.5350000000024
245, computer game, 608.4237500000036
127, best war films, 608.3717499999971
1059, unique, 607.5832500000027
677, mozart, 607.0207499999971
943, space opera, 604.3329999999999
197, cheerleading, 600.985000000001
301, devil, 599.2682500000002
395, firefly, 598.5442499999999
157, boston, 596.7227500000012
483, gypsy accent, 596.5942500000017
105, bank robbery, 596.0975000000008
124, beer, 595.1075000000009
592, kung fu, 594.9597500000012
552, intelligent sci-fi, 594.4900000000005
795, police, 594.1319999999986
372, fairy tales, 594.0567500000035
1031, tom clancy, 587.2707499999995
398, flashbacks, 586.8732499999982
150, bombs, 586.6727499999984
343, educational, 585.9997500000007
1117, working class, 583.6387500000003
862, rock and roll, 583.433250000001
1058, unintentionally funny, 581.0362500000009
755, oscar (best music - original song), 578.5805000000018
1121, world war ii, 577.7702499999995
357, environment, 576.9755000000016
413, frightening, 574.3140000000008
880, saturn award (best science fiction film), 573.6304999999988
671, mother-son relationship, 570.3047500000017
284, dancing, 569.020500000002
283, dance, 567.8419999999987
697, nazis, 566.5357499999992
16, aardman studios, 560.8162500000024
232, comic book, 559.3975000000025
247, con artists, 556.9179999999999
306, disability, 555.1962500000024
369, explosions, 554.2412499999997
385, father-son relationship, 552.5775000000001
358, environmental, 552.5109999999985
112, based on a video game, 550.9917499999982
513, holiday, 544.5185000000022
988, super-hero, 543.7237499999991
178, canada, 542.4775000000019
408, free speech, 541.3217500000023
595, las vegas, 534.8817499999982
839, rats, 533.760500000001
748, oscar (best animated feature), 532.4350000000017
604, lions, 530.1450000000001
973, stranded, 529.2004999999998
783, pigs, 528.5665000000018
1081, view askew, 528.0470000000009
927, slasher, 527.901
431, genocide, 527.6352500000033
696, nazi, 526.9237500000004
1115, wizards, 526.3690000000029
248, con men, 520.9450000000006
339, easily confused with other movie(s) (title), 516.5002500000022
651, military, 515.9327499999999
44, alien invasion, 514.6227500000023
718, not as good as the first, 514.5547499999986
781, photographer, 513.6177499999997
148, boat, 509.2229999999976
456, gore, 508.6287499999967
638, medieval, 508.30299999999943
261, court, 504.72724999999895
63, animated, 503.41099999999756
111, based on a tv show, 502.38224999999943
271, cross dressing, 501.8179999999999
429, genetics, 499.4417499999999
860, robot, 497.61550000000153
716, nostalgia, 495.75975000000227
1042, travel, 495.758250000002
599, lesbian, 495.51175000000137
1041, transgender, 494.1127500000012
34, africa, 492.86099999999874
617, lynch, 492.5632500000005
511, hitchcock, 492.2395000000008
68, anti-semitism, 491.98800000000153
518, homosexuality, 491.7080000000002
1018, teleportation, 490.63600000000156
42, alcoholism, 489.91849999999994
151, bond, 488.7985000000005
681, muppets, 488.52800000000013
949, spanish civil war, 487.00625000000315
384, father son relationship, 485.0780000000001
239, competition, 484.5639999999998
430, genius, 483.4719999999989
563, irish, 483.26300000000094
1107, western, 479.96150000000046
291, deadpan, 479.80450000000036
676, moving, 479.3877499999997
434, germany, 478.8979999999998
11, 3d, 478.1137500000019
1005, sword fight, 477.7732499999988
572, italy, 477.10750000000144
1, 007, 476.84675000000124
576, japanese, 474.29950000000065
947, spain, 473.3314999999995
2, 007 (series), 472.87074999999896
525, hostage, 472.6620000000015
84, astronauts, 471.53624999999965
35, afterlife, 470.7987499999981
570, israel, 468.9974999999999
838, rape, 468.65400000000017
1126, wwii, 468.352249999999
734, ocean, 465.8979999999999
628, marijuana, 463.37999999999937
861, robots, 462.4142499999992
441, global warming, 460.8742499999996
1120, world war i, 459.126249999999
495, hawaii, 459.0784999999988
307, disappointing, 458.0327500000009
928, slavery, 457.1844999999994
674, movie business, 454.7177500000013
227, college, 454.0122500000003
517, homophobia, 451.7412500000004
246, computers, 450.78850000000136
631, martial arts, 448.5807499999992
685, music business, 448.42425000000185
373, fake documentary, 446.695749999998
1021, terminal illness, 446.64025000000066
884, schizophrenia, 445.7659999999997
649, middle east, 444.9600000000005
280, cyberpunk, 443.049750000001
647, metaphysics, 441.1335000000019
1112, witch, 440.7722499999975
1102, wedding, 436.9507499999993
523, horses, 436.0364999999987
66, antarctica, 435.86775000000193
539, incest, 434.33499999999935
1088, virus, 432.22625000000033
820, psychedelic, 431.53199999999765
983, submarine, 431.00175000000246
1125, wuxia, 429.8927500000014
808, pregnancy, 428.6955000000019
500, heroine, 428.3257499999981
208, christian, 427.3242499999987
180, cannibalism, 426.3422500000007
670, mother daughter relationship, 424.85024999999933
233, comic book adaption, 423.5629999999998
811, president, 421.8582499999984
397, fish, 418.78350000000063
1006, sword fighting, 418.7782500000002
857, robbery, 414.05824999999777
206, chocolate, 411.67849999999953
506, hillarious, 408.6062499999999
494, haunted house, 408.2440000000002
72, argentina, 407.7055000000012
327, dreamworks, 407.4302500000002
654, minnesota, 406.65525
346, egypt, 406.3094999999988
757, oscar (best sound), 405.6640000000024
1078, vienna, 404.97675000000254
868, russia, 404.26225000000005
713, non-hollywood ending, 403.17999999999984
831, rabbits, 401.601
223, clowns, 401.3770000000015
892, scotland, 399.56500000000045
130, better than the american version, 397.64275000000197
744, orphans, 397.27475000000135
925, slackers, 396.17974999999916
69, anti-war, 394.8705000000006
1022, terrorism, 393.50124999999844
906, sex comedy, 393.1590000000009
363, evolution, 390.6857499999992
708, no dialogue, 387.8634999999986
650, midlife crisis, 387.805250000001
499, heroin, 383.19175000000166
934, so bad it's good, 382.0385
281, cyborgs, 381.73225000000184
1027, time loop, 379.42075000000125
520, hong kong, 378.77099999999746
263, courtroom drama, 373.92149999999936
648, mexico, 372.7272500000016
209, christianity, 369.35750000000024
916, short, 368.5357499999996
626, man versus machine, 367.55374999999964
1087, virtual reality, 366.6125000000032
202, child abuse, 365.6074999999995
1106, werewolves, 365.4915000000006
166, broadway, 363.35350000000165
1043, treasure, 361.55925
65, anime, 359.9042499999991
944, space program, 356.784999999999
352, ennio morricone, 353.5092500000006
159, boxing, 352.27725
211, cia, 352.24975000000023
199, chess, 351.873250000002
438, gilliam, 348.2860000000018
318, dolphins, 347.66474999999946
131, biblical, 347.46475000000066
853, rio de janeiro, 346.08624999999967
486, halloween, 345.6250000000012
817, prohibition, 342.02050000000065
1048, truman capote, 338.16874999999953
644, mental hospital, 337.90525000000116
560, iraq, 334.29125000000084
514, hollywood, 334.1267500000004
228, colonialism, 333.050999999999
1028, time travel, 331.6400000000014
914, shark, 331.26775
667, moon, 330.89125000000143
484, hackers, 329.9015000000002
421, gambling, 328.70950000000096
653, mining, 323.9419999999994
659, mockumentary, 322.47975000000014
56, american civil war, 322.0317500000008
158, bowling, 321.6322499999993
635, math, 319.431250000001
24, adapted from:game, 319.0657499999988
607, liv tyler, 317.85474999999934
57, amnesia, 315.8269999999993
444, golf, 315.05150000000026
1128, zombies, 313.4797500000014
163, brilliant, 311.999750000001
873, samurai, 309.7004999999992
91, autism, 308.229250000001
501, heroine in tight suit, 308.1512500000002
1019, television, 306.95549999999855
89, author:alan moore, 306.49399999999895
917, short-term memory loss, 304.5547500000016
695, nature, 304.3027499999997
217, classical music, 303.41224999999895
578, jazz, 302.85075000000035
60, androids, 299.92499999999893
1039, trains, 299.04174999999975
970, stop-motion, 298.712249999998
485, hacking, 298.5602499999987
77, artificial intelligence, 297.76149999999956
848, remade, 297.4674999999992
114, based on comic, 297.3277499999985
515, holocaust, 296.6672499999988
866, rome, 296.6572499999972
136, birds, 294.8802500000017
574, jane austen, 294.8800000000008
476, gross-out, 292.6597499999998
1075, video game adaptation, 291.95149999999927
962, stage magic, 290.51800000000173
724, nuclear war, 289.4715000000001
723, nuclear bomb, 287.3925000000014
1036, toys, 287.0312500000003
142, blaxploitation, 286.9822500000001
662, monkey, 286.085000000001
342, ecology, 284.64574999999985
317, dogs, 283.63274999999754
772, penguins, 282.802000000002
1067, vampire, 281.42749999999944
273, cuba, 280.98699999999866
722, nuclear, 280.7417499999992
692, nasa, 280.4867499999996
237, communism, 279.5617500000001
31, afi 100, 277.31999999999874
1076, video games, 276.50174999999996
1099, waste of time, 273.6799999999974
200, chicago, 272.81449999999876
184, carrie-anne moss, 272.6730000000006
754, oscar (best music - original score), 270.54149999999976
1094, voodoo, 268.3097500000003
488, handycam, 266.74724999999916
123, beauty pageant, 265.630749999999
147, boarding school, 265.26899999999927
693, native americans, 263.2687500000002
815, private detective, 263.0247499999993
205, china, 261.0917499999997
39, airport, 256.4022500000004
254, cooking, 255.889
975, strippers, 253.2294999999995
88, australian, 252.85874999999908
632, marvel, 252.78274999999928
740, opera, 252.77749999999963
810, prequel, 252.36724999999853
310, disney animated feature, 252.06824999999907
1056, underwater, 251.2187499999996
826, punk, 251.1002500000006
1038, train, 249.19374999999988
92, aviation, 248.72249999999912
116, basketball, 245.07749999999947
404, fountain of youth, 243.59975000000034
924, skinhead, 242.83224999999982
571, italian, 241.61249999999845
213, circus, 239.2807500000002
290, dc comics, 238.4982499999986
534, imaginary friend, 236.90524999999855
161, brazil, 233.71124999999967
856, roald dahl, 229.18874999999963
480, gulf war, 228.84249999999983
993, surfing, 225.21699999999925
736, office, 221.7774999999988
187, casino, 220.74349999999862
957, spock, 216.7322499999998
591, kubrick, 211.47500000000008
938, sophia coppola, 209.54849999999965
946, spaghetti western, 206.77574999999948
17, abortion, 205.58799999999957
954, spielberg, 205.2504999999992
764, palestine, 204.61074999999983
590, king arthur, 203.1527499999988
940, south america, 201.5104999999993
320, dr. seuss, 201.4409999999986
47, almodovar, 200.2454999999994
399, food, 199.87724999999966
174, c.s. lewis, 199.46099999999865
38, airplane, 199.11399999999978
1069, vampires, 197.8984999999984
939, south africa, 196.49399999999866
912, shakespeare, 192.0034999999987
786, pixar animation, 190.99549999999883
678, mtv, 190.3652499999988
1077, videogame, 187.7419999999993
935, soccer, 187.6362499999982
321, dragon, 184.6812499999991
210, christmas, 182.91974999999803
400, football, 181.00424999999657
706, new zealand, 179.40974999999818
1079, vietnam, 175.94024999999849
680, mummy, 175.69524999999848
103, bad sequel, 174.1272499999984
295, depp & burton, 170.94674999999873
14, 9/11, 168.95174999999875
41, alcatraz, 168.79924999999926
207, chris tucker, 168.62124999999844
40, alaska, 165.50674999999876
665, monty python, 164.93499999999875
1030, tolkien, 163.47624999999914
559, iran, 160.4754999999991
541, india, 156.1907499999988
859, robert ludlum, 155.78024999999818
577, jay and silent bob, 154.62224999999844
225, coen brothers, 153.42574999999886
1060, united nations, 153.33174999999898
1009, tarantino, 148.4084999999981
738, olympics, 144.84474999999847
71, archaeology, 144.82449999999795
74, arnold, 144.10574999999838
561, iraq war, 143.494749999998
1080, vietnam war, 142.69049999999777
965, star wars, 137.8897499999987
698, neil gaiman, 137.61624999999853
964, star trek, 134.57799999999887
636, mathematics, 130.5452499999982
1002, swedish, 127.68949999999681
492, harry potter, 125.66099999999896
673, mountain climbing, 122.39874999999796
392, figure skating, 121.47749999999841
542, indiana jones, 118.55199999999803
593, kurosawa, 116.06399999999675
699, neo-nazis, 115.8812499999986
976, studio ghibli, 112.82249999999826
340, east germany, 112.17199999999832
104, ballet, 110.78049999999774
775, peter pan, 107.65924999999808
633, marx brothers, 95.6752499999983
784, pirates, 91.85374999999834
347, emma watson, 90.66249999999823
657, miyazaki, 85.70374999999792
785, pixar, 84.84674999999845
106, baseball, 84.32399999999795
573, james bond, 83.87849999999838
117, batman, 79.17324999999846
119, beatles, 62.672249999998265
219, claymation, 61.78474999999785
15, aardman, 61.29874999999819
489, hannibal lecter, 44.088499999999634
